<com.cloudbees.jenkins.plugins.sshcredentials.impl.BasicSSHUserPrivateKey plugin="ssh-credentials@1.14">
  <scope>GLOBAL</scope>
  <id>ec2-user</id>
  <description></description>
  <username>ec2-user</username>
  <privateKeySource class="com.cloudbees.jenkins.plugins.sshcredentials.impl.BasicSSHUserPrivateKey$DirectEntryPrivateKeySource">
    <privateKey>
-----BEGIN RSA PRIVATE KEY-----
<PUT YOUR PRIVATE KEY HERE>
-----END RSA PRIVATE KEY-----
    </privateKey>
  </privateKeySource>
</com.cloudbees.jenkins.plugins.sshcredentials.impl.BasicSSHUserPrivateKey>
